category,count,share
Automotive,1894565,0.43850261067326646
Cell Phones & Accessories,1039137,0.24051129802734986
Beauty & Personal Care,1028914,0.23814515477604267
,355136,0.08219726593917927
Others,2781,
